level,health,attack,defense,accuracy ,dodge,critical,criticalDamage,damageReduction,energyGenerateRate,speed
1,100,10,10,0.8,0.1,0.1,1.2,0,10,30
2,150,15,15,0.8,0.1,0.1,1.2,0,10,30
3,200,20,20,0.8,0.1,0.1,1.2,0,10,30
4,250,25,25,0.8,0.1,0.1,1.2,0,10,30
5,300,30,30,0.8,0.1,0.1,1.2,0,10,30
6,350,35,35,0.8,0.1,0.1,1.2,0,10,30
7,400,40,40,0.8,0.1,0.1,1.2,0,10,30
8,450,45,45,0.8,0.1,0.1,1.2,0,10,30
9,500,50,50,0.8,0.1,0.1,1.2,0,10,30
10,550,55,55,0.8,0.1,0.1,1.2,0,10,30
11,600,60,60,0.8,0.1,0.1,1.2,0,10,30
12,650,65,65,0.8,0.1,0.1,1.2,0,10,30
13,700,70,70,0.8,0.1,0.1,1.2,0,10,30
14,750,75,75,0.8,0.1,0.1,1.2,0,10,30
15,800,80,80,0.8,0.1,0.1,1.2,0,10,30
16,850,85,85,0.8,0.1,0.1,1.2,0,10,30
17,900,90,90,0.8,0.1,0.1,1.2,0,10,30
18,950,95,95,0.8,0.1,0.1,1.2,0,10,30
19,1000,100,100,0.8,0.1,0.1,1.2,0,10,30
20,1050,105,105,0.8,0.1,0.1,1.2,0,10,30
21,1100,110,110,0.8,0.1,0.1,1.2,0,10,30
22,1150,115,115,0.8,0.1,0.1,1.2,0,10,30
23,1200,120,120,0.8,0.1,0.1,1.2,0,10,30
24,1250,125,125,0.8,0.1,0.1,1.2,0,10,30
25,1300,130,130,0.8,0.1,0.1,1.2,0,10,30
26,1350,135,135,0.8,0.1,0.1,1.2,0,10,30
27,1400,140,140,0.8,0.1,0.1,1.2,0,10,30
28,1450,145,145,0.8,0.1,0.1,1.2,0,10,30
29,1500,150,150,0.8,0.1,0.1,1.2,0,10,30
30,1550,155,155,0.8,0.1,0.1,1.2,0,10,30
31,1600,160,160,0.8,0.1,0.1,1.2,0,10,30
32,1650,165,165,0.8,0.1,0.1,1.2,0,10,30
33,1700,170,170,0.8,0.1,0.1,1.2,0,10,30
34,1750,175,175,0.8,0.1,0.1,1.2,0,10,30
35,1800,180,180,0.8,0.1,0.1,1.2,0,10,30
36,1850,185,185,0.8,0.1,0.1,1.2,0,10,30
37,1900,190,190,0.8,0.1,0.1,1.2,0,10,30
38,1950,195,195,0.8,0.1,0.1,1.2,0,10,30
39,2000,200,200,0.8,0.1,0.1,1.2,0,10,30
40,2050,205,205,0.8,0.1,0.1,1.2,0,10,30
41,2100,210,210,0.8,0.1,0.1,1.2,0,10,30
42,2150,215,215,0.8,0.1,0.1,1.2,0,10,30
43,2200,220,220,0.8,0.1,0.1,1.2,0,10,30
44,2250,225,225,0.8,0.1,0.1,1.2,0,10,30
45,2300,230,230,0.8,0.1,0.1,1.2,0,10,30
46,2350,235,235,0.8,0.1,0.1,1.2,0,10,30
47,2400,240,240,0.8,0.1,0.1,1.2,0,10,30
48,2450,245,245,0.8,0.1,0.1,1.2,0,10,30
49,2500,250,250,0.8,0.1,0.1,1.2,0,10,30
50,2550,255,255,0.8,0.1,0.1,1.2,0,10,30
51,2600,260,260,0.8,0.1,0.1,1.2,0,10,30
52,2650,265,265,0.8,0.1,0.1,1.2,0,10,30
53,2700,270,270,0.8,0.1,0.1,1.2,0,10,30
54,2750,275,275,0.8,0.1,0.1,1.2,0,10,30
55,2800,280,280,0.8,0.1,0.1,1.2,0,10,30
56,2850,285,285,0.8,0.1,0.1,1.2,0,10,30
57,2900,290,290,0.8,0.1,0.1,1.2,0,10,30
58,2950,295,295,0.8,0.1,0.1,1.2,0,10,30
59,3000,300,300,0.8,0.1,0.1,1.2,0,10,30
60,3050,305,305,0.8,0.1,0.1,1.2,0,10,30
61,3100,310,310,0.8,0.1,0.1,1.2,0,10,30
62,3150,315,315,0.8,0.1,0.1,1.2,0,10,30
63,3200,320,320,0.8,0.1,0.1,1.2,0,10,30
64,3250,325,325,0.8,0.1,0.1,1.2,0,10,30
65,3300,330,330,0.8,0.1,0.1,1.2,0,10,30
66,3350,335,335,0.8,0.1,0.1,1.2,0,10,30
67,3400,340,340,0.8,0.1,0.1,1.2,0,10,30
68,3450,345,345,0.8,0.1,0.1,1.2,0,10,30
69,3500,350,350,0.8,0.1,0.1,1.2,0,10,30
70,3550,355,355,0.8,0.1,0.1,1.2,0,10,30
71,3600,360,360,0.8,0.1,0.1,1.2,0,10,30
72,3650,365,365,0.8,0.1,0.1,1.2,0,10,30
73,3700,370,370,0.8,0.1,0.1,1.2,0,10,30
74,3750,375,375,0.8,0.1,0.1,1.2,0,10,30
75,3800,380,380,0.8,0.1,0.1,1.2,0,10,30
76,3850,385,385,0.8,0.1,0.1,1.2,0,10,30
77,3900,390,390,0.8,0.1,0.1,1.2,0,10,30
78,3950,395,395,0.8,0.1,0.1,1.2,0,10,30
79,4000,400,400,0.8,0.1,0.1,1.2,0,10,30
80,4050,405,405,0.8,0.1,0.1,1.2,0,10,30
81,4100,410,410,0.8,0.1,0.1,1.2,0,10,30
82,4150,415,415,0.8,0.1,0.1,1.2,0,10,30
83,4200,420,420,0.8,0.1,0.1,1.2,0,10,30
84,4250,425,425,0.8,0.1,0.1,1.2,0,10,30
85,4300,430,430,0.8,0.1,0.1,1.2,0,10,30
86,4350,435,435,0.8,0.1,0.1,1.2,0,10,30
87,4400,440,440,0.8,0.1,0.1,1.2,0,10,30
88,4450,445,445,0.8,0.1,0.1,1.2,0,10,30
89,4500,450,450,0.8,0.1,0.1,1.2,0,10,30
90,4550,455,455,0.8,0.1,0.1,1.2,0,10,30
91,4600,460,460,0.8,0.1,0.1,1.2,0,10,30
92,4650,465,465,0.8,0.1,0.1,1.2,0,10,30
93,4700,470,470,0.8,0.1,0.1,1.2,0,10,30
94,4750,475,475,0.8,0.1,0.1,1.2,0,10,30
95,4800,480,480,0.8,0.1,0.1,1.2,0,10,30
96,4850,485,485,0.8,0.1,0.1,1.2,0,10,30
97,4900,490,490,0.8,0.1,0.1,1.2,0,10,30
98,4950,495,495,0.8,0.1,0.1,1.2,0,10,30
99,5000,500,500,0.8,0.1,0.1,1.2,0,10,30
100,5250,525,525,0.8,0.1,0.1,1.2,0,10,30
101,5500,550,550,0.8,0.1,0.1,1.2,0,10,30
102,5750,575,575,0.8,0.1,0.1,1.2,0,10,30
103,6000,600,600,0.8,0.1,0.1,1.2,0,10,30
104,6250,625,625,0.8,0.1,0.1,1.2,0,10,30
105,6500,650,650,0.8,0.1,0.1,1.2,0,10,30
106,6750,675,675,0.8,0.1,0.1,1.2,0,10,30
107,7000,700,700,0.8,0.1,0.1,1.2,0,10,30
108,7250,725,725,0.8,0.1,0.1,1.2,0,10,30
109,7500,750,750,0.8,0.1,0.1,1.2,0,10,30
110,7750,775,775,0.8,0.1,0.1,1.2,0,10,30
111,8000,800,800,0.8,0.1,0.1,1.2,0,10,30
112,8250,825,825,0.8,0.1,0.1,1.2,0,10,30
113,8500,850,850,0.8,0.1,0.1,1.2,0,10,30
114,8750,875,875,0.8,0.1,0.1,1.2,0,10,30
115,9000,900,900,0.8,0.1,0.1,1.2,0,10,30
116,9250,925,925,0.8,0.1,0.1,1.2,0,10,30
117,9500,950,950,0.8,0.1,0.1,1.2,0,10,30
118,9750,975,975,0.8,0.1,0.1,1.2,0,10,30
119,10000,1000,1000,0.8,0.1,0.1,1.2,0,10,30
120,10250,1025,1025,0.8,0.1,0.1,1.2,0,10,30
121,10500,1050,1050,0.8,0.1,0.1,1.2,0,10,30
122,10750,1075,1075,0.8,0.1,0.1,1.2,0,10,30
123,11000,1100,1100,0.8,0.1,0.1,1.2,0,10,30
124,11250,1125,1125,0.8,0.1,0.1,1.2,0,10,30
125,11500,1150,1150,0.8,0.1,0.1,1.2,0,10,30
126,11750,1175,1175,0.8,0.1,0.1,1.2,0,10,30
127,12000,1200,1200,0.8,0.1,0.1,1.2,0,10,30
128,12250,1225,1225,0.8,0.1,0.1,1.2,0,10,30
129,12500,1250,1250,0.8,0.1,0.1,1.2,0,10,30
130,12750,1275,1275,0.8,0.1,0.1,1.2,0,10,30
131,13000,1300,1300,0.8,0.1,0.1,1.2,0,10,30
132,13250,1325,1325,0.8,0.1,0.1,1.2,0,10,30
133,13500,1350,1350,0.8,0.1,0.1,1.2,0,10,30
134,13750,1375,1375,0.8,0.1,0.1,1.2,0,10,30
135,14000,1400,1400,0.8,0.1,0.1,1.2,0,10,30
136,14250,1425,1425,0.8,0.1,0.1,1.2,0,10,30
137,14500,1450,1450,0.8,0.1,0.1,1.2,0,10,30
138,14750,1475,1475,0.8,0.1,0.1,1.2,0,10,30
139,15000,1500,1500,0.8,0.1,0.1,1.2,0,10,30
140,15250,1525,1525,0.8,0.1,0.1,1.2,0,10,30
141,15500,1550,1550,0.8,0.1,0.1,1.2,0,10,30
142,15750,1575,1575,0.8,0.1,0.1,1.2,0,10,30
143,16000,1600,1600,0.8,0.1,0.1,1.2,0,10,30
144,16250,1625,1625,0.8,0.1,0.1,1.2,0,10,30
145,16500,1650,1650,0.8,0.1,0.1,1.2,0,10,30
146,16750,1675,1675,0.8,0.1,0.1,1.2,0,10,30
147,17000,1700,1700,0.8,0.1,0.1,1.2,0,10,30
148,17250,1725,1725,0.8,0.1,0.1,1.2,0,10,30
149,17500,1750,1750,0.8,0.1,0.1,1.2,0,10,30
150,17750,1775,1775,0.8,0.1,0.1,1.2,0,10,30
151,18000,1800,1800,0.8,0.1,0.1,1.2,0,10,30
152,18250,1825,1825,0.8,0.1,0.1,1.2,0,10,30
153,18500,1850,1850,0.8,0.1,0.1,1.2,0,10,30
154,18750,1875,1875,0.8,0.1,0.1,1.2,0,10,30
155,19000,1900,1900,0.8,0.1,0.1,1.2,0,10,30
156,19250,1925,1925,0.8,0.1,0.1,1.2,0,10,30
157,19500,1950,1950,0.8,0.1,0.1,1.2,0,10,30
158,19750,1975,1975,0.8,0.1,0.1,1.2,0,10,30
159,20000,2000,2000,0.8,0.1,0.1,1.2,0,10,30
160,20250,2025,2025,0.8,0.1,0.1,1.2,0,10,30
161,20500,2050,2050,0.8,0.1,0.1,1.2,0,10,30
162,20750,2075,2075,0.8,0.1,0.1,1.2,0,10,30
163,21000,2100,2100,0.8,0.1,0.1,1.2,0,10,30
164,21250,2125,2125,0.8,0.1,0.1,1.2,0,10,30
165,21500,2150,2150,0.8,0.1,0.1,1.2,0,10,30
166,21750,2175,2175,0.8,0.1,0.1,1.2,0,10,30
167,22000,2200,2200,0.8,0.1,0.1,1.2,0,10,30
168,22250,2225,2225,0.8,0.1,0.1,1.2,0,10,30
169,22500,2250,2250,0.8,0.1,0.1,1.2,0,10,30
170,22750,2275,2275,0.8,0.1,0.1,1.2,0,10,30
171,23000,2300,2300,0.8,0.1,0.1,1.2,0,10,30
172,23250,2325,2325,0.8,0.1,0.1,1.2,0,10,30
173,23500,2350,2350,0.8,0.1,0.1,1.2,0,10,30
174,23750,2375,2375,0.8,0.1,0.1,1.2,0,10,30
175,24000,2400,2400,0.8,0.1,0.1,1.2,0,10,30
176,24250,2425,2425,0.8,0.1,0.1,1.2,0,10,30
177,24500,2450,2450,0.8,0.1,0.1,1.2,0,10,30
178,24750,2475,2475,0.8,0.1,0.1,1.2,0,10,30
179,25000,2500,2500,0.8,0.1,0.1,1.2,0,10,30
180,25250,2525,2525,0.8,0.1,0.1,1.2,0,10,30
181,25500,2550,2550,0.8,0.1,0.1,1.2,0,10,30
182,25750,2575,2575,0.8,0.1,0.1,1.2,0,10,30
183,26000,2600,2600,0.8,0.1,0.1,1.2,0,10,30
184,26250,2625,2625,0.8,0.1,0.1,1.2,0,10,30
185,26500,2650,2650,0.8,0.1,0.1,1.2,0,10,30
186,26750,2675,2675,0.8,0.1,0.1,1.2,0,10,30
187,27000,2700,2700,0.8,0.1,0.1,1.2,0,10,30
188,27250,2725,2725,0.8,0.1,0.1,1.2,0,10,30
189,27500,2750,2750,0.8,0.1,0.1,1.2,0,10,30
190,27750,2775,2775,0.8,0.1,0.1,1.2,0,10,30
191,28000,2800,2800,0.8,0.1,0.1,1.2,0,10,30
192,28250,2825,2825,0.8,0.1,0.1,1.2,0,10,30
193,28500,2850,2850,0.8,0.1,0.1,1.2,0,10,30
194,28750,2875,2875,0.8,0.1,0.1,1.2,0,10,30
195,29000,2900,2900,0.8,0.1,0.1,1.2,0,10,30
196,29250,2925,2925,0.8,0.1,0.1,1.2,0,10,30
197,29500,2950,2950,0.8,0.1,0.1,1.2,0,10,30
198,29750,2975,2975,0.8,0.1,0.1,1.2,0,10,30
199,30000,3000,3000,0.8,0.1,0.1,1.2,0,10,30
200,30250,3025,3025,0.8,0.1,0.1,1.2,0,10,30